Library Name,Latitude,Longitude
Filia nr 21,50.0734628,19.9149954
Filia nr 24,50.0781206,19.8852347
Filia nr 27,50.0549451,19.9095031
Filia nr 26,50.054071,19.920391
Filia nr 29,50.0461604,19.9107396
Klub Dziennikarzy „Pod Gruszką”,50.0629066,19.9368144
Biblioteka Główna,50.0519954,19.9295995
Filia nr 20,50.0908294,19.9266437
Filia nr 28,50.0456259,19.9306909
Filia nr 3,50.0653966,19.9466253
Filia nr 1,50.057517,19.945281
Filia nr 18,50.0866681,19.9405129
Filia „Chochoł” (nr 17),50.100064,19.8842455
Filia nr 2,50.0492788,19.9429023
Filia nr 6,50.0568046,19.9530776
Filia nr 10,50.0825379,19.9524656
Filia nr 23,50.084425,19.845459
Filia nr 46,50.044873,19.950554
Filia nr 8,50.071309,19.965429
Filia nr 19,50.1121634,19.8993922
Filia nr 11,50.0841821,19.9632168
Filia nr 4,50.058972,19.967233
Filia nr 34,50.027647,19.9297157
Punkt biblioteczny dla młodzieży Filii nr 31,50.0229725,19.9082648
Filia nr 31,50.021526,19.910979
Filia nr 15,50.0880343,19.968377
Filia nr 7,50.0588267,19.9758762
Filia nr 13,50.0830441,19.975705
Filia „Gotyk” (nr 57),50.098341,19.964026
Filia nr 14,50.0769444,19.9808045
Filia nr 12,50.0734051,19.9839275
Filia nr 32,50.0141253,19.9177633
Filia nr 33,50.014925,19.9286709
Filia nr 16,50.052652,19.987345
Filia „Sportowa” (nr 38),50.0242085,19.9600122
Filia nr 41,50.0146222,19.953758
Filia „Kosmos” (nr 58),50.0037187,19.9050731
Filia nr 51,50.094837,19.994438
Filia nr 47,50.0820595,20.0045618
Filia nr 49,50.0937177,20.0027113
Filia nr 53,50.040716,19.794634
Filia nr 40,50.0128487,19.972315
Filia „Pod Kawką” (nr 44),50.0186706,19.9818402
Filia nr 43,50.023735,19.991799
Filia nr 50,50.0846486,20.0137919
Filia nr 30,50.0180825,19.8069295
Filia nr 48,50.0984773,20.0122588
Filia nr 39,49.987441,19.916691
Filia nr 35,49.990098,19.942409
Filia nr 45,50.0153105,20.0086561
Punkt biblioteczny Filii nr 42,50.0197437,20.0161369
Filia nr 56,50.0759262,20.0379002
Filia nr 36,49.9826487,19.942827
Filia „Teatralna” (nr 55),50.082882,20.038304
Filia nr 37,49.994739,19.988095
Filia nr 54,50.0672985,20.0499801
Filia nr 52,50.0942525,20.0575363
Filia nr 42,50.0226659,20.0484639
Filia nr 5,50.132654,19.695959
Filia nr 22,49.841318,19.941422
Filia nr 25,52.092305,20.610894
